,exp_name,env_name,seed,metric,env_step,value
0,FlashSAC_rsl_rl,Isaac-Velocity-Rough-Anymal-C-v0,0,avg_return,5120000.0,7.073346138000488
1,FlashSAC_rsl_rl,Isaac-Velocity-Rough-Anymal-C-v0,0,avg_return,10240000.0,11.56691837310791
2,FlashSAC_rsl_rl,Isaac-Velocity-Rough-Anymal-C-v0,0,avg_return,15360000.0,15.307637214660645
3,FlashSAC_rsl_rl,Isaac-Velocity-Rough-Anymal-C-v0,0,avg_return,20480000.0,17.406984329223633
4,FlashSAC_rsl_rl,Isaac-Velocity-Rough-Anymal-C-v0,0,avg_return,25600000.0,18.206581115722656
5,FlashSAC_rsl_rl,Isaac-Velocity-Rough-Anymal-C-v0,0,avg_return,30720000.0,19.33474349975586
6,FlashSAC_rsl_rl,Isaac-Velocity-Rough-Anymal-C-v0,0,avg_return,35840000.0,19.493854522705078
7,FlashSAC_rsl_rl,Isaac-Velocity-Rough-Anymal-C-v0,0,avg_return,40960000.0,20.211469650268555
8,FlashSAC_rsl_rl,Isaac-Velocity-Rough-Anymal-C-v0,0,avg_return,46080000.0,20.057016372680664
9,FlashSAC_rsl_rl,Isaac-Velocity-Rough-Anymal-C-v0,0,avg_return,51198976.0,19.965457916259766
10,FlashSAC_rsl_rl,Isaac-Velocity-Rough-Anymal-C-v0,1,avg_return,5120000.0,7.171154022216797
11,FlashSAC_rsl_rl,Isaac-Velocity-Rough-Anymal-C-v0,1,avg_return,10240000.0,12.150445938110352
12,FlashSAC_rsl_rl,Isaac-Velocity-Rough-Anymal-C-v0,1,avg_return,15360000.0,15.782729148864746
13,FlashSAC_rsl_rl,Isaac-Velocity-Rough-Anymal-C-v0,1,avg_return,20480000.0,17.567106246948242
14,FlashSAC_rsl_rl,Isaac-Velocity-Rough-Anymal-C-v0,1,avg_return,25600000.0,18.977432250976562
15,FlashSAC_rsl_rl,Isaac-Velocity-Rough-Anymal-C-v0,1,avg_return,30720000.0,19.493778228759766
16,FlashSAC_rsl_rl,Isaac-Velocity-Rough-Anymal-C-v0,1,avg_return,35840000.0,19.696327209472656
17,FlashSAC_rsl_rl,Isaac-Velocity-Rough-Anymal-C-v0,1,avg_return,40960000.0,19.990962982177734
18,FlashSAC_rsl_rl,Isaac-Velocity-Rough-Anymal-C-v0,1,avg_return,46080000.0,19.356842041015625
19,FlashSAC_rsl_rl,Isaac-Velocity-Rough-Anymal-C-v0,1,avg_return,51198976.0,19.38699722290039
20,FlashSAC_rsl_rl,Isaac-Velocity-Rough-Anymal-C-v0,2,avg_return,5120000.0,7.381014823913574
21,FlashSAC_rsl_rl,Isaac-Velocity-Rough-Anymal-C-v0,2,avg_return,10240000.0,12.047369003295898
22,FlashSAC_rsl_rl,Isaac-Velocity-Rough-Anymal-C-v0,2,avg_return,15360000.0,15.19807243347168
23,FlashSAC_rsl_rl,Isaac-Velocity-Rough-Anymal-C-v0,2,avg_return,20480000.0,16.79747772216797
24,FlashSAC_rsl_rl,Isaac-Velocity-Rough-Anymal-C-v0,2,avg_return,25600000.0,18.32037353515625
25,FlashSAC_rsl_rl,Isaac-Velocity-Rough-Anymal-C-v0,2,avg_return,30720000.0,19.33651351928711
26,FlashSAC_rsl_rl,Isaac-Velocity-Rough-Anymal-C-v0,2,avg_return,35840000.0,19.973186492919922
27,FlashSAC_rsl_rl,Isaac-Velocity-Rough-Anymal-C-v0,2,avg_return,40960000.0,19.8155517578125
28,FlashSAC_rsl_rl,Isaac-Velocity-Rough-Anymal-C-v0,2,avg_return,46080000.0,20.031429290771484
29,FlashSAC_rsl_rl,Isaac-Velocity-Rough-Anymal-C-v0,2,avg_return,51198976.0,20.350784301757812
30,FlashSAC_rsl_rl,Isaac-Velocity-Rough-Anymal-C-v0,3,avg_return,5120000.0,6.979819297790527
31,FlashSAC_rsl_rl,Isaac-Velocity-Rough-Anymal-C-v0,3,avg_return,10240000.0,11.63072681427002
32,FlashSAC_rsl_rl,Isaac-Velocity-Rough-Anymal-C-v0,3,avg_return,15360000.0,14.677444458007812
33,FlashSAC_rsl_rl,Isaac-Velocity-Rough-Anymal-C-v0,3,avg_return,20480000.0,17.949989318847656
34,FlashSAC_rsl_rl,Isaac-Velocity-Rough-Anymal-C-v0,3,avg_return,25600000.0,18.927677154541016
35,FlashSAC_rsl_rl,Isaac-Velocity-Rough-Anymal-C-v0,3,avg_return,30720000.0,19.979541778564453
36,FlashSAC_rsl_rl,Isaac-Velocity-Rough-Anymal-C-v0,3,avg_return,35840000.0,19.97732925415039
37,FlashSAC_rsl_rl,Isaac-Velocity-Rough-Anymal-C-v0,3,avg_return,40960000.0,19.73455047607422
38,FlashSAC_rsl_rl,Isaac-Velocity-Rough-Anymal-C-v0,3,avg_return,46080000.0,20.482833862304688
39,FlashSAC_rsl_rl,Isaac-Velocity-Rough-Anymal-C-v0,3,avg_return,51198976.0,19.949506759643555
40,FlashSAC_rsl_rl,Isaac-Velocity-Rough-Anymal-C-v0,4,avg_return,5120000.0,8.550661087036133
41,FlashSAC_rsl_rl,Isaac-Velocity-Rough-Anymal-C-v0,4,avg_return,10240000.0,11.931217193603516
42,FlashSAC_rsl_rl,Isaac-Velocity-Rough-Anymal-C-v0,4,avg_return,15360000.0,15.358991622924805
43,FlashSAC_rsl_rl,Isaac-Velocity-Rough-Anymal-C-v0,4,avg_return,20480000.0,17.12601089477539
44,FlashSAC_rsl_rl,Isaac-Velocity-Rough-Anymal-C-v0,4,avg_return,25600000.0,18.062284469604492
45,FlashSAC_rsl_rl,Isaac-Velocity-Rough-Anymal-C-v0,4,avg_return,30720000.0,18.347620010375977
46,FlashSAC_rsl_rl,Isaac-Velocity-Rough-Anymal-C-v0,4,avg_return,35840000.0,19.27933692932129
47,FlashSAC_rsl_rl,Isaac-Velocity-Rough-Anymal-C-v0,4,avg_return,40960000.0,19.64557647705078
48,FlashSAC_rsl_rl,Isaac-Velocity-Rough-Anymal-C-v0,4,avg_return,46080000.0,19.07172966003418
49,FlashSAC_rsl_rl,Isaac-Velocity-Rough-Anymal-C-v0,4,avg_return,51198976.0,19.52879524230957
50,FlashSAC_rsl_rl,Isaac-Velocity-Flat-Anymal-C-v0,0,avg_return,5120000.0,6.6787896156311035
51,FlashSAC_rsl_rl,Isaac-Velocity-Flat-Anymal-C-v0,0,avg_return,10240000.0,16.975040435791016
52,FlashSAC_rsl_rl,Isaac-Velocity-Flat-Anymal-C-v0,0,avg_return,15360000.0,23.94034194946289
53,FlashSAC_rsl_rl,Isaac-Velocity-Flat-Anymal-C-v0,0,avg_return,20480000.0,24.794139862060547
54,FlashSAC_rsl_rl,Isaac-Velocity-Flat-Anymal-C-v0,0,avg_return,25600000.0,25.85430908203125
55,FlashSAC_rsl_rl,Isaac-Velocity-Flat-Anymal-C-v0,0,avg_return,30720000.0,26.233657836914062
56,FlashSAC_rsl_rl,Isaac-Velocity-Flat-Anymal-C-v0,0,avg_return,35840000.0,26.359357833862305
57,FlashSAC_rsl_rl,Isaac-Velocity-Flat-Anymal-C-v0,0,avg_return,40960000.0,26.47268295288086
58,FlashSAC_rsl_rl,Isaac-Velocity-Flat-Anymal-C-v0,0,avg_return,46080000.0,26.411914825439453
59,FlashSAC_rsl_rl,Isaac-Velocity-Flat-Anymal-C-v0,0,avg_return,51198976.0,26.448148727416992
60,FlashSAC_rsl_rl,Isaac-Velocity-Flat-Anymal-C-v0,1,avg_return,5120000.0,6.270078182220459
61,FlashSAC_rsl_rl,Isaac-Velocity-Flat-Anymal-C-v0,1,avg_return,10240000.0,15.457554817199707
62,FlashSAC_rsl_rl,Isaac-Velocity-Flat-Anymal-C-v0,1,avg_return,15360000.0,24.013553619384766
63,FlashSAC_rsl_rl,Isaac-Velocity-Flat-Anymal-C-v0,1,avg_return,20480000.0,24.867395401000977
64,FlashSAC_rsl_rl,Isaac-Velocity-Flat-Anymal-C-v0,1,avg_return,25600000.0,25.64852523803711
65,FlashSAC_rsl_rl,Isaac-Velocity-Flat-Anymal-C-v0,1,avg_return,30720000.0,26.018638610839844
66,FlashSAC_rsl_rl,Isaac-Velocity-Flat-Anymal-C-v0,1,avg_return,35840000.0,26.319198608398438
67,FlashSAC_rsl_rl,Isaac-Velocity-Flat-Anymal-C-v0,1,avg_return,40960000.0,26.4248104095459
68,FlashSAC_rsl_rl,Isaac-Velocity-Flat-Anymal-C-v0,1,avg_return,46080000.0,26.434337615966797
69,FlashSAC_rsl_rl,Isaac-Velocity-Flat-Anymal-C-v0,1,avg_return,51198976.0,26.501773834228516
70,FlashSAC_rsl_rl,Isaac-Velocity-Flat-Anymal-C-v0,2,avg_return,5120000.0,6.099648475646973
71,FlashSAC_rsl_rl,Isaac-Velocity-Flat-Anymal-C-v0,2,avg_return,10240000.0,21.309587478637695
72,FlashSAC_rsl_rl,Isaac-Velocity-Flat-Anymal-C-v0,2,avg_return,15360000.0,24.188684463500977
73,FlashSAC_rsl_rl,Isaac-Velocity-Flat-Anymal-C-v0,2,avg_return,20480000.0,25.134754180908203
74,FlashSAC_rsl_rl,Isaac-Velocity-Flat-Anymal-C-v0,2,avg_return,25600000.0,25.630966186523438
75,FlashSAC_rsl_rl,Isaac-Velocity-Flat-Anymal-C-v0,2,avg_return,30720000.0,26.04204559326172
76,FlashSAC_rsl_rl,Isaac-Velocity-Flat-Anymal-C-v0,2,avg_return,35840000.0,26.355981826782227
77,FlashSAC_rsl_rl,Isaac-Velocity-Flat-Anymal-C-v0,2,avg_return,40960000.0,26.303157806396484
78,FlashSAC_rsl_rl,Isaac-Velocity-Flat-Anymal-C-v0,2,avg_return,46080000.0,26.465532302856445
79,FlashSAC_rsl_rl,Isaac-Velocity-Flat-Anymal-C-v0,2,avg_return,51198976.0,26.395816802978516
80,FlashSAC_rsl_rl,Isaac-Velocity-Flat-Anymal-C-v0,3,avg_return,5120000.0,6.680942535400391
81,FlashSAC_rsl_rl,Isaac-Velocity-Flat-Anymal-C-v0,3,avg_return,10240000.0,16.952133178710938
82,FlashSAC_rsl_rl,Isaac-Velocity-Flat-Anymal-C-v0,3,avg_return,15360000.0,23.937381744384766
83,FlashSAC_rsl_rl,Isaac-Velocity-Flat-Anymal-C-v0,3,avg_return,20480000.0,24.906375885009766
84,FlashSAC_rsl_rl,Isaac-Velocity-Flat-Anymal-C-v0,3,avg_return,25600000.0,25.717700958251953
85,FlashSAC_rsl_rl,Isaac-Velocity-Flat-Anymal-C-v0,3,avg_return,30720000.0,26.196121215820312
86,FlashSAC_rsl_rl,Isaac-Velocity-Flat-Anymal-C-v0,3,avg_return,35840000.0,26.290353775024414
87,FlashSAC_rsl_rl,Isaac-Velocity-Flat-Anymal-C-v0,3,avg_return,40960000.0,26.40752601623535
88,FlashSAC_rsl_rl,Isaac-Velocity-Flat-Anymal-C-v0,3,avg_return,46080000.0,26.394607543945312
89,FlashSAC_rsl_rl,Isaac-Velocity-Flat-Anymal-C-v0,3,avg_return,51198976.0,26.446144104003906
90,FlashSAC_rsl_rl,Isaac-Velocity-Flat-Anymal-C-v0,4,avg_return,5120000.0,6.208395481109619
91,FlashSAC_rsl_rl,Isaac-Velocity-Flat-Anymal-C-v0,4,avg_return,10240000.0,20.17890167236328
92,FlashSAC_rsl_rl,Isaac-Velocity-Flat-Anymal-C-v0,4,avg_return,15360000.0,23.89765167236328
93,FlashSAC_rsl_rl,Isaac-Velocity-Flat-Anymal-C-v0,4,avg_return,20480000.0,24.839317321777344
94,FlashSAC_rsl_rl,Isaac-Velocity-Flat-Anymal-C-v0,4,avg_return,25600000.0,25.706111907958984
95,FlashSAC_rsl_rl,Isaac-Velocity-Flat-Anymal-C-v0,4,avg_return,30720000.0,26.05276107788086
96,FlashSAC_rsl_rl,Isaac-Velocity-Flat-Anymal-C-v0,4,avg_return,35840000.0,26.09663200378418
97,FlashSAC_rsl_rl,Isaac-Velocity-Flat-Anymal-C-v0,4,avg_return,40960000.0,26.39969253540039
98,FlashSAC_rsl_rl,Isaac-Velocity-Flat-Anymal-C-v0,4,avg_return,46080000.0,26.385183334350586
99,FlashSAC_rsl_rl,Isaac-Velocity-Flat-Anymal-C-v0,4,avg_return,51198976.0,26.43845558166504
100,FlashSAC_rsl_rl,Isaac-Velocity-Rough-Anymal-D-v0,0,avg_return,5120000.0,7.781557083129883
101,FlashSAC_rsl_rl,Isaac-Velocity-Rough-Anymal-D-v0,0,avg_return,10240000.0,11.675909042358398
102,FlashSAC_rsl_rl,Isaac-Velocity-Rough-Anymal-D-v0,0,avg_return,15360000.0,15.418909072875977
103,FlashSAC_rsl_rl,Isaac-Velocity-Rough-Anymal-D-v0,0,avg_return,20480000.0,18.36492347717285
104,FlashSAC_rsl_rl,Isaac-Velocity-Rough-Anymal-D-v0,0,avg_return,25600000.0,19.94719696044922
105,FlashSAC_rsl_rl,Isaac-Velocity-Rough-Anymal-D-v0,0,avg_return,30720000.0,20.578073501586914
106,FlashSAC_rsl_rl,Isaac-Velocity-Rough-Anymal-D-v0,0,avg_return,35840000.0,19.988439559936523
107,FlashSAC_rsl_rl,Isaac-Velocity-Rough-Anymal-D-v0,0,avg_return,40960000.0,20.58889389038086
108,FlashSAC_rsl_rl,Isaac-Velocity-Rough-Anymal-D-v0,0,avg_return,46080000.0,20.03867530822754
109,FlashSAC_rsl_rl,Isaac-Velocity-Rough-Anymal-D-v0,0,avg_return,51198976.0,20.332494735717773
110,FlashSAC_rsl_rl,Isaac-Velocity-Rough-Anymal-D-v0,1,avg_return,5120000.0,7.440819263458252
111,FlashSAC_rsl_rl,Isaac-Velocity-Rough-Anymal-D-v0,1,avg_return,10240000.0,12.100550651550293
112,FlashSAC_rsl_rl,Isaac-Velocity-Rough-Anymal-D-v0,1,avg_return,15360000.0,15.628280639648438
113,FlashSAC_rsl_rl,Isaac-Velocity-Rough-Anymal-D-v0,1,avg_return,20480000.0,17.146387100219727
114,FlashSAC_rsl_rl,Isaac-Velocity-Rough-Anymal-D-v0,1,avg_return,25600000.0,18.84811019897461
115,FlashSAC_rsl_rl,Isaac-Velocity-Rough-Anymal-D-v0,1,avg_return,30720000.0,19.153079986572266
116,FlashSAC_rsl_rl,Isaac-Velocity-Rough-Anymal-D-v0,1,avg_return,35840000.0,19.8248291015625
117,FlashSAC_rsl_rl,Isaac-Velocity-Rough-Anymal-D-v0,1,avg_return,40960000.0,20.061058044433594
118,FlashSAC_rsl_rl,Isaac-Velocity-Rough-Anymal-D-v0,1,avg_return,46080000.0,20.59575653076172
119,FlashSAC_rsl_rl,Isaac-Velocity-Rough-Anymal-D-v0,1,avg_return,51198976.0,20.23068618774414
120,FlashSAC_rsl_rl,Isaac-Velocity-Rough-Anymal-D-v0,2,avg_return,5120000.0,7.741985321044922
121,FlashSAC_rsl_rl,Isaac-Velocity-Rough-Anymal-D-v0,2,avg_return,10240000.0,12.444839477539062
122,FlashSAC_rsl_rl,Isaac-Velocity-Rough-Anymal-D-v0,2,avg_return,15360000.0,16.29761505126953
123,FlashSAC_rsl_rl,Isaac-Velocity-Rough-Anymal-D-v0,2,avg_return,20480000.0,18.598119735717773
124,FlashSAC_rsl_rl,Isaac-Velocity-Rough-Anymal-D-v0,2,avg_return,25600000.0,20.59527587890625
125,FlashSAC_rsl_rl,Isaac-Velocity-Rough-Anymal-D-v0,2,avg_return,30720000.0,20.566814422607422
126,FlashSAC_rsl_rl,Isaac-Velocity-Rough-Anymal-D-v0,2,avg_return,35840000.0,20.710933685302734
127,FlashSAC_rsl_rl,Isaac-Velocity-Rough-Anymal-D-v0,2,avg_return,40960000.0,20.420164108276367
128,FlashSAC_rsl_rl,Isaac-Velocity-Rough-Anymal-D-v0,2,avg_return,46080000.0,20.720449447631836
129,FlashSAC_rsl_rl,Isaac-Velocity-Rough-Anymal-D-v0,2,avg_return,51198976.0,19.94042205810547
130,FlashSAC_rsl_rl,Isaac-Velocity-Rough-Anymal-D-v0,3,avg_return,5120000.0,7.6804656982421875
131,FlashSAC_rsl_rl,Isaac-Velocity-Rough-Anymal-D-v0,3,avg_return,10240000.0,11.41409969329834
132,FlashSAC_rsl_rl,Isaac-Velocity-Rough-Anymal-D-v0,3,avg_return,15360000.0,16.086280822753906
133,FlashSAC_rsl_rl,Isaac-Velocity-Rough-Anymal-D-v0,3,avg_return,20480000.0,18.346654891967773
134,FlashSAC_rsl_rl,Isaac-Velocity-Rough-Anymal-D-v0,3,avg_return,25600000.0,19.64063262939453
135,FlashSAC_rsl_rl,Isaac-Velocity-Rough-Anymal-D-v0,3,avg_return,30720000.0,20.83827781677246
136,FlashSAC_rsl_rl,Isaac-Velocity-Rough-Anymal-D-v0,3,avg_return,35840000.0,20.55236053466797
137,FlashSAC_rsl_rl,Isaac-Velocity-Rough-Anymal-D-v0,3,avg_return,40960000.0,20.516464233398438
138,FlashSAC_rsl_rl,Isaac-Velocity-Rough-Anymal-D-v0,3,avg_return,46080000.0,20.60344123840332
139,FlashSAC_rsl_rl,Isaac-Velocity-Rough-Anymal-D-v0,3,avg_return,51198976.0,20.35398292541504
140,FlashSAC_rsl_rl,Isaac-Velocity-Rough-Anymal-D-v0,4,avg_return,5120000.0,7.4540324211120605
141,FlashSAC_rsl_rl,Isaac-Velocity-Rough-Anymal-D-v0,4,avg_return,10240000.0,10.7406005859375
142,FlashSAC_rsl_rl,Isaac-Velocity-Rough-Anymal-D-v0,4,avg_return,15360000.0,16.338647842407227
143,FlashSAC_rsl_rl,Isaac-Velocity-Rough-Anymal-D-v0,4,avg_return,20480000.0,18.05489158630371
144,FlashSAC_rsl_rl,Isaac-Velocity-Rough-Anymal-D-v0,4,avg_return,25600000.0,18.87750816345215
145,FlashSAC_rsl_rl,Isaac-Velocity-Rough-Anymal-D-v0,4,avg_return,30720000.0,20.356779098510742
146,FlashSAC_rsl_rl,Isaac-Velocity-Rough-Anymal-D-v0,4,avg_return,35840000.0,20.28565788269043
147,FlashSAC_rsl_rl,Isaac-Velocity-Rough-Anymal-D-v0,4,avg_return,40960000.0,19.978384017944336
148,FlashSAC_rsl_rl,Isaac-Velocity-Rough-Anymal-D-v0,4,avg_return,46080000.0,20.077600479125977
149,FlashSAC_rsl_rl,Isaac-Velocity-Rough-Anymal-D-v0,4,avg_return,51198976.0,20.039409637451172
150,FlashSAC_rsl_rl,Isaac-Velocity-Flat-Anymal-D-v0,0,avg_return,5120000.0,6.379933834075928
151,FlashSAC_rsl_rl,Isaac-Velocity-Flat-Anymal-D-v0,0,avg_return,10240000.0,2.8798112869262695
152,FlashSAC_rsl_rl,Isaac-Velocity-Flat-Anymal-D-v0,0,avg_return,15360000.0,24.12370491027832
153,FlashSAC_rsl_rl,Isaac-Velocity-Flat-Anymal-D-v0,0,avg_return,20480000.0,25.257198333740234
154,FlashSAC_rsl_rl,Isaac-Velocity-Flat-Anymal-D-v0,0,avg_return,25600000.0,25.874074935913086
155,FlashSAC_rsl_rl,Isaac-Velocity-Flat-Anymal-D-v0,0,avg_return,30720000.0,26.318899154663086
156,FlashSAC_rsl_rl,Isaac-Velocity-Flat-Anymal-D-v0,0,avg_return,35840000.0,26.35919761657715
157,FlashSAC_rsl_rl,Isaac-Velocity-Flat-Anymal-D-v0,0,avg_return,40960000.0,26.411195755004883
158,FlashSAC_rsl_rl,Isaac-Velocity-Flat-Anymal-D-v0,0,avg_return,46080000.0,26.64212989807129
159,FlashSAC_rsl_rl,Isaac-Velocity-Flat-Anymal-D-v0,0,avg_return,51198976.0,26.55938148498535
160,FlashSAC_rsl_rl,Isaac-Velocity-Flat-Anymal-D-v0,1,avg_return,5120000.0,6.097399711608887
161,FlashSAC_rsl_rl,Isaac-Velocity-Flat-Anymal-D-v0,1,avg_return,10240000.0,8.842354774475098
162,FlashSAC_rsl_rl,Isaac-Velocity-Flat-Anymal-D-v0,1,avg_return,15360000.0,24.0428409576416
163,FlashSAC_rsl_rl,Isaac-Velocity-Flat-Anymal-D-v0,1,avg_return,20480000.0,25.021316528320312
164,FlashSAC_rsl_rl,Isaac-Velocity-Flat-Anymal-D-v0,1,avg_return,25600000.0,25.711395263671875
165,FlashSAC_rsl_rl,Isaac-Velocity-Flat-Anymal-D-v0,1,avg_return,30720000.0,26.282588958740234
166,FlashSAC_rsl_rl,Isaac-Velocity-Flat-Anymal-D-v0,1,avg_return,35840000.0,26.336105346679688
167,FlashSAC_rsl_rl,Isaac-Velocity-Flat-Anymal-D-v0,1,avg_return,40960000.0,26.449365615844727
168,FlashSAC_rsl_rl,Isaac-Velocity-Flat-Anymal-D-v0,1,avg_return,46080000.0,26.565570831298828
169,FlashSAC_rsl_rl,Isaac-Velocity-Flat-Anymal-D-v0,1,avg_return,51198976.0,26.53037452697754
170,FlashSAC_rsl_rl,Isaac-Velocity-Flat-Anymal-D-v0,2,avg_return,5120000.0,6.6764349937438965
171,FlashSAC_rsl_rl,Isaac-Velocity-Flat-Anymal-D-v0,2,avg_return,10240000.0,16.27133560180664
172,FlashSAC_rsl_rl,Isaac-Velocity-Flat-Anymal-D-v0,2,avg_return,15360000.0,23.995546340942383
173,FlashSAC_rsl_rl,Isaac-Velocity-Flat-Anymal-D-v0,2,avg_return,20480000.0,25.415679931640625
174,FlashSAC_rsl_rl,Isaac-Velocity-Flat-Anymal-D-v0,2,avg_return,25600000.0,25.92905044555664
175,FlashSAC_rsl_rl,Isaac-Velocity-Flat-Anymal-D-v0,2,avg_return,30720000.0,26.328250885009766
176,FlashSAC_rsl_rl,Isaac-Velocity-Flat-Anymal-D-v0,2,avg_return,35840000.0,26.422386169433594
177,FlashSAC_rsl_rl,Isaac-Velocity-Flat-Anymal-D-v0,2,avg_return,40960000.0,26.41139030456543
178,FlashSAC_rsl_rl,Isaac-Velocity-Flat-Anymal-D-v0,2,avg_return,46080000.0,26.587417602539062
179,FlashSAC_rsl_rl,Isaac-Velocity-Flat-Anymal-D-v0,2,avg_return,51198976.0,26.432586669921875
180,FlashSAC_rsl_rl,Isaac-Velocity-Flat-Anymal-D-v0,3,avg_return,5120000.0,6.464606761932373
181,FlashSAC_rsl_rl,Isaac-Velocity-Flat-Anymal-D-v0,3,avg_return,10240000.0,8.813944816589355
182,FlashSAC_rsl_rl,Isaac-Velocity-Flat-Anymal-D-v0,3,avg_return,15360000.0,23.797393798828125
183,FlashSAC_rsl_rl,Isaac-Velocity-Flat-Anymal-D-v0,3,avg_return,20480000.0,24.66273307800293
184,FlashSAC_rsl_rl,Isaac-Velocity-Flat-Anymal-D-v0,3,avg_return,25600000.0,25.655227661132812
185,FlashSAC_rsl_rl,Isaac-Velocity-Flat-Anymal-D-v0,3,avg_return,30720000.0,26.128965377807617
186,FlashSAC_rsl_rl,Isaac-Velocity-Flat-Anymal-D-v0,3,avg_return,35840000.0,26.388608932495117
187,FlashSAC_rsl_rl,Isaac-Velocity-Flat-Anymal-D-v0,3,avg_return,40960000.0,26.443098068237305
188,FlashSAC_rsl_rl,Isaac-Velocity-Flat-Anymal-D-v0,3,avg_return,46080000.0,26.49846649169922
189,FlashSAC_rsl_rl,Isaac-Velocity-Flat-Anymal-D-v0,3,avg_return,51198976.0,26.479372024536133
190,FlashSAC_rsl_rl,Isaac-Velocity-Flat-Anymal-D-v0,4,avg_return,5120000.0,6.18895149230957
191,FlashSAC_rsl_rl,Isaac-Velocity-Flat-Anymal-D-v0,4,avg_return,10240000.0,8.992934226989746
192,FlashSAC_rsl_rl,Isaac-Velocity-Flat-Anymal-D-v0,4,avg_return,15360000.0,24.043996810913086
193,FlashSAC_rsl_rl,Isaac-Velocity-Flat-Anymal-D-v0,4,avg_return,20480000.0,25.133501052856445
194,FlashSAC_rsl_rl,Isaac-Velocity-Flat-Anymal-D-v0,4,avg_return,25600000.0,25.854936599731445
195,FlashSAC_rsl_rl,Isaac-Velocity-Flat-Anymal-D-v0,4,avg_return,30720000.0,26.22542953491211
196,FlashSAC_rsl_rl,Isaac-Velocity-Flat-Anymal-D-v0,4,avg_return,35840000.0,26.363910675048828
197,FlashSAC_rsl_rl,Isaac-Velocity-Flat-Anymal-D-v0,4,avg_return,40960000.0,26.302846908569336
198,FlashSAC_rsl_rl,Isaac-Velocity-Flat-Anymal-D-v0,4,avg_return,46080000.0,26.378433227539062
199,FlashSAC_rsl_rl,Isaac-Velocity-Flat-Anymal-D-v0,4,avg_return,51198976.0,26.633115768432617
200,FlashSAC_rsl_rl,Isaac-Velocity-Rough-G1-v0,0,avg_return,5120000.0,9.978534698486328
201,FlashSAC_rsl_rl,Isaac-Velocity-Rough-G1-v0,0,avg_return,10240000.0,14.980119705200195
202,FlashSAC_rsl_rl,Isaac-Velocity-Rough-G1-v0,0,avg_return,15360000.0,25.266414642333984
203,FlashSAC_rsl_rl,Isaac-Velocity-Rough-G1-v0,0,avg_return,20480000.0,31.487377166748047
204,FlashSAC_rsl_rl,Isaac-Velocity-Rough-G1-v0,0,avg_return,25600000.0,35.151390075683594
205,FlashSAC_rsl_rl,Isaac-Velocity-Rough-G1-v0,0,avg_return,30720000.0,36.45125198364258
206,FlashSAC_rsl_rl,Isaac-Velocity-Rough-G1-v0,0,avg_return,35840000.0,38.2967643737793
207,FlashSAC_rsl_rl,Isaac-Velocity-Rough-G1-v0,0,avg_return,40960000.0,38.272220611572266
208,FlashSAC_rsl_rl,Isaac-Velocity-Rough-G1-v0,0,avg_return,46080000.0,40.25819396972656
209,FlashSAC_rsl_rl,Isaac-Velocity-Rough-G1-v0,0,avg_return,51198976.0,40.39278030395508
210,FlashSAC_rsl_rl,Isaac-Velocity-Rough-G1-v0,1,avg_return,5120000.0,11.21403694152832
211,FlashSAC_rsl_rl,Isaac-Velocity-Rough-G1-v0,1,avg_return,10240000.0,15.418752670288086
212,FlashSAC_rsl_rl,Isaac-Velocity-Rough-G1-v0,1,avg_return,15360000.0,23.876197814941406
213,FlashSAC_rsl_rl,Isaac-Velocity-Rough-G1-v0,1,avg_return,20480000.0,33.02477264404297
214,FlashSAC_rsl_rl,Isaac-Velocity-Rough-G1-v0,1,avg_return,25600000.0,35.8212776184082
215,FlashSAC_rsl_rl,Isaac-Velocity-Rough-G1-v0,1,avg_return,30720000.0,38.8603630065918
216,FlashSAC_rsl_rl,Isaac-Velocity-Rough-G1-v0,1,avg_return,35840000.0,40.49140548706055
217,FlashSAC_rsl_rl,Isaac-Velocity-Rough-G1-v0,1,avg_return,40960000.0,41.097389221191406
218,FlashSAC_rsl_rl,Isaac-Velocity-Rough-G1-v0,1,avg_return,46080000.0,41.516265869140625
219,FlashSAC_rsl_rl,Isaac-Velocity-Rough-G1-v0,1,avg_return,51198976.0,41.529720306396484
220,FlashSAC_rsl_rl,Isaac-Velocity-Rough-G1-v0,2,avg_return,5120000.0,10.883440017700195
221,FlashSAC_rsl_rl,Isaac-Velocity-Rough-G1-v0,2,avg_return,10240000.0,15.162954330444336
222,FlashSAC_rsl_rl,Isaac-Velocity-Rough-G1-v0,2,avg_return,15360000.0,24.514366149902344
223,FlashSAC_rsl_rl,Isaac-Velocity-Rough-G1-v0,2,avg_return,20480000.0,31.139657974243164
224,FlashSAC_rsl_rl,Isaac-Velocity-Rough-G1-v0,2,avg_return,25600000.0,36.35983657836914
225,FlashSAC_rsl_rl,Isaac-Velocity-Rough-G1-v0,2,avg_return,30720000.0,37.53300476074219
226,FlashSAC_rsl_rl,Isaac-Velocity-Rough-G1-v0,2,avg_return,35840000.0,39.25735092163086
227,FlashSAC_rsl_rl,Isaac-Velocity-Rough-G1-v0,2,avg_return,40960000.0,40.425872802734375
228,FlashSAC_rsl_rl,Isaac-Velocity-Rough-G1-v0,2,avg_return,46080000.0,40.74237060546875
229,FlashSAC_rsl_rl,Isaac-Velocity-Rough-G1-v0,2,avg_return,51198976.0,41.67612075805664
230,FlashSAC_rsl_rl,Isaac-Velocity-Rough-G1-v0,3,avg_return,5120000.0,12.021421432495117
231,FlashSAC_rsl_rl,Isaac-Velocity-Rough-G1-v0,3,avg_return,10240000.0,14.726764678955078
232,FlashSAC_rsl_rl,Isaac-Velocity-Rough-G1-v0,3,avg_return,15360000.0,27.05322265625
233,FlashSAC_rsl_rl,Isaac-Velocity-Rough-G1-v0,3,avg_return,20480000.0,33.9603157043457
234,FlashSAC_rsl_rl,Isaac-Velocity-Rough-G1-v0,3,avg_return,25600000.0,34.41730499267578
235,FlashSAC_rsl_rl,Isaac-Velocity-Rough-G1-v0,3,avg_return,30720000.0,34.50664520263672
236,FlashSAC_rsl_rl,Isaac-Velocity-Rough-G1-v0,3,avg_return,35840000.0,38.03807830810547
237,FlashSAC_rsl_rl,Isaac-Velocity-Rough-G1-v0,3,avg_return,40960000.0,40.022125244140625
238,FlashSAC_rsl_rl,Isaac-Velocity-Rough-G1-v0,3,avg_return,46080000.0,39.337974548339844
239,FlashSAC_rsl_rl,Isaac-Velocity-Rough-G1-v0,3,avg_return,51198976.0,39.43315505981445
240,FlashSAC_rsl_rl,Isaac-Velocity-Rough-G1-v0,4,avg_return,5120000.0,11.760123252868652
241,FlashSAC_rsl_rl,Isaac-Velocity-Rough-G1-v0,4,avg_return,10240000.0,16.275625228881836
242,FlashSAC_rsl_rl,Isaac-Velocity-Rough-G1-v0,4,avg_return,15360000.0,26.044017791748047
243,FlashSAC_rsl_rl,Isaac-Velocity-Rough-G1-v0,4,avg_return,20480000.0,31.577856063842773
244,FlashSAC_rsl_rl,Isaac-Velocity-Rough-G1-v0,4,avg_return,25600000.0,36.31562805175781
245,FlashSAC_rsl_rl,Isaac-Velocity-Rough-G1-v0,4,avg_return,30720000.0,36.33408737182617
246,FlashSAC_rsl_rl,Isaac-Velocity-Rough-G1-v0,4,avg_return,35840000.0,39.24763488769531
247,FlashSAC_rsl_rl,Isaac-Velocity-Rough-G1-v0,4,avg_return,40960000.0,40.51383972167969
248,FlashSAC_rsl_rl,Isaac-Velocity-Rough-G1-v0,4,avg_return,46080000.0,41.73991394042969
249,FlashSAC_rsl_rl,Isaac-Velocity-Rough-G1-v0,4,avg_return,51198976.0,42.30897903442383
250,FlashSAC_rsl_rl,Isaac-Velocity-Flat-G1-v0,0,avg_return,5120000.0,9.30091667175293
251,FlashSAC_rsl_rl,Isaac-Velocity-Flat-G1-v0,0,avg_return,10240000.0,19.678232192993164
252,FlashSAC_rsl_rl,Isaac-Velocity-Flat-G1-v0,0,avg_return,15360000.0,29.216449737548828
253,FlashSAC_rsl_rl,Isaac-Velocity-Flat-G1-v0,0,avg_return,20480000.0,32.23796081542969
254,FlashSAC_rsl_rl,Isaac-Velocity-Flat-G1-v0,0,avg_return,25600000.0,33.23728942871094
255,FlashSAC_rsl_rl,Isaac-Velocity-Flat-G1-v0,0,avg_return,30720000.0,35.6136360168457
256,FlashSAC_rsl_rl,Isaac-Velocity-Flat-G1-v0,0,avg_return,35840000.0,36.821712493896484
257,FlashSAC_rsl_rl,Isaac-Velocity-Flat-G1-v0,0,avg_return,40960000.0,37.32487487792969
258,FlashSAC_rsl_rl,Isaac-Velocity-Flat-G1-v0,0,avg_return,46080000.0,36.757057189941406
259,FlashSAC_rsl_rl,Isaac-Velocity-Flat-G1-v0,0,avg_return,51198976.0,37.76249694824219
260,FlashSAC_rsl_rl,Isaac-Velocity-Flat-G1-v0,1,avg_return,5120000.0,9.51086711883545
261,FlashSAC_rsl_rl,Isaac-Velocity-Flat-G1-v0,1,avg_return,10240000.0,18.6923770904541
262,FlashSAC_rsl_rl,Isaac-Velocity-Flat-G1-v0,1,avg_return,15360000.0,28.990123748779297
263,FlashSAC_rsl_rl,Isaac-Velocity-Flat-G1-v0,1,avg_return,20480000.0,31.721675872802734
264,FlashSAC_rsl_rl,Isaac-Velocity-Flat-G1-v0,1,avg_return,25600000.0,32.92177200317383
265,FlashSAC_rsl_rl,Isaac-Velocity-Flat-G1-v0,1,avg_return,30720000.0,35.39558410644531
266,FlashSAC_rsl_rl,Isaac-Velocity-Flat-G1-v0,1,avg_return,35840000.0,36.35084915161133
267,FlashSAC_rsl_rl,Isaac-Velocity-Flat-G1-v0,1,avg_return,40960000.0,36.689144134521484
268,FlashSAC_rsl_rl,Isaac-Velocity-Flat-G1-v0,1,avg_return,46080000.0,36.48552703857422
269,FlashSAC_rsl_rl,Isaac-Velocity-Flat-G1-v0,1,avg_return,51198976.0,36.646846771240234
270,FlashSAC_rsl_rl,Isaac-Velocity-Flat-G1-v0,2,avg_return,5120000.0,5.856687545776367
271,FlashSAC_rsl_rl,Isaac-Velocity-Flat-G1-v0,2,avg_return,10240000.0,20.29530143737793
272,FlashSAC_rsl_rl,Isaac-Velocity-Flat-G1-v0,2,avg_return,15360000.0,28.327186584472656
273,FlashSAC_rsl_rl,Isaac-Velocity-Flat-G1-v0,2,avg_return,20480000.0,24.998199462890625
274,FlashSAC_rsl_rl,Isaac-Velocity-Flat-G1-v0,2,avg_return,25600000.0,33.85185623168945
275,FlashSAC_rsl_rl,Isaac-Velocity-Flat-G1-v0,2,avg_return,30720000.0,35.949920654296875
276,FlashSAC_rsl_rl,Isaac-Velocity-Flat-G1-v0,2,avg_return,35840000.0,36.32377243041992
277,FlashSAC_rsl_rl,Isaac-Velocity-Flat-G1-v0,2,avg_return,40960000.0,36.84550476074219
278,FlashSAC_rsl_rl,Isaac-Velocity-Flat-G1-v0,2,avg_return,46080000.0,37.248661041259766
279,FlashSAC_rsl_rl,Isaac-Velocity-Flat-G1-v0,2,avg_return,51198976.0,37.3698844909668
280,FlashSAC_rsl_rl,Isaac-Velocity-Flat-G1-v0,3,avg_return,5120000.0,8.472590446472168
281,FlashSAC_rsl_rl,Isaac-Velocity-Flat-G1-v0,3,avg_return,10240000.0,19.3732852935791
282,FlashSAC_rsl_rl,Isaac-Velocity-Flat-G1-v0,3,avg_return,15360000.0,29.402650833129883
283,FlashSAC_rsl_rl,Isaac-Velocity-Flat-G1-v0,3,avg_return,20480000.0,32.051002502441406
284,FlashSAC_rsl_rl,Isaac-Velocity-Flat-G1-v0,3,avg_return,25600000.0,34.20882797241211
285,FlashSAC_rsl_rl,Isaac-Velocity-Flat-G1-v0,3,avg_return,30720000.0,35.48979949951172
286,FlashSAC_rsl_rl,Isaac-Velocity-Flat-G1-v0,3,avg_return,35840000.0,36.265724182128906
287,FlashSAC_rsl_rl,Isaac-Velocity-Flat-G1-v0,3,avg_return,40960000.0,36.82076644897461
288,FlashSAC_rsl_rl,Isaac-Velocity-Flat-G1-v0,3,avg_return,46080000.0,36.96086883544922
289,FlashSAC_rsl_rl,Isaac-Velocity-Flat-G1-v0,3,avg_return,51198976.0,36.937835693359375
290,FlashSAC_rsl_rl,Isaac-Velocity-Flat-G1-v0,4,avg_return,5120000.0,9.505630493164062
291,FlashSAC_rsl_rl,Isaac-Velocity-Flat-G1-v0,4,avg_return,10240000.0,19.18351936340332
292,FlashSAC_rsl_rl,Isaac-Velocity-Flat-G1-v0,4,avg_return,15360000.0,28.899751663208008
293,FlashSAC_rsl_rl,Isaac-Velocity-Flat-G1-v0,4,avg_return,20480000.0,29.996606826782227
294,FlashSAC_rsl_rl,Isaac-Velocity-Flat-G1-v0,4,avg_return,25600000.0,35.031463623046875
295,FlashSAC_rsl_rl,Isaac-Velocity-Flat-G1-v0,4,avg_return,30720000.0,35.151588439941406
296,FlashSAC_rsl_rl,Isaac-Velocity-Flat-G1-v0,4,avg_return,35840000.0,37.04747772216797
297,FlashSAC_rsl_rl,Isaac-Velocity-Flat-G1-v0,4,avg_return,40960000.0,37.23348617553711
298,FlashSAC_rsl_rl,Isaac-Velocity-Flat-G1-v0,4,avg_return,46080000.0,37.383384704589844
299,FlashSAC_rsl_rl,Isaac-Velocity-Flat-G1-v0,4,avg_return,51198976.0,37.687225341796875
300,FlashSAC_rsl_rl,Isaac-Velocity-Rough-H1-v0,0,avg_return,5120000.0,7.020945072174072
301,FlashSAC_rsl_rl,Isaac-Velocity-Rough-H1-v0,0,avg_return,10240000.0,12.511102676391602
302,FlashSAC_rsl_rl,Isaac-Velocity-Rough-H1-v0,0,avg_return,15360000.0,16.752351760864258
303,FlashSAC_rsl_rl,Isaac-Velocity-Rough-H1-v0,0,avg_return,20480000.0,24.58209228515625
304,FlashSAC_rsl_rl,Isaac-Velocity-Rough-H1-v0,0,avg_return,25600000.0,27.056827545166016
305,FlashSAC_rsl_rl,Isaac-Velocity-Rough-H1-v0,0,avg_return,30720000.0,28.26726531982422
306,FlashSAC_rsl_rl,Isaac-Velocity-Rough-H1-v0,0,avg_return,35840000.0,28.592166900634766
307,FlashSAC_rsl_rl,Isaac-Velocity-Rough-H1-v0,0,avg_return,40960000.0,28.31646728515625
308,FlashSAC_rsl_rl,Isaac-Velocity-Rough-H1-v0,0,avg_return,46080000.0,29.029897689819336
309,FlashSAC_rsl_rl,Isaac-Velocity-Rough-H1-v0,0,avg_return,51198976.0,28.076313018798828
310,FlashSAC_rsl_rl,Isaac-Velocity-Rough-H1-v0,1,avg_return,5120000.0,8.838971138000488
311,FlashSAC_rsl_rl,Isaac-Velocity-Rough-H1-v0,1,avg_return,10240000.0,13.622800827026367
312,FlashSAC_rsl_rl,Isaac-Velocity-Rough-H1-v0,1,avg_return,15360000.0,21.039514541625977
313,FlashSAC_rsl_rl,Isaac-Velocity-Rough-H1-v0,1,avg_return,20480000.0,25.388277053833008
314,FlashSAC_rsl_rl,Isaac-Velocity-Rough-H1-v0,1,avg_return,25600000.0,28.1971435546875
315,FlashSAC_rsl_rl,Isaac-Velocity-Rough-H1-v0,1,avg_return,30720000.0,28.713092803955078
316,FlashSAC_rsl_rl,Isaac-Velocity-Rough-H1-v0,1,avg_return,35840000.0,29.38374900817871
317,FlashSAC_rsl_rl,Isaac-Velocity-Rough-H1-v0,1,avg_return,40960000.0,30.433612823486328
318,FlashSAC_rsl_rl,Isaac-Velocity-Rough-H1-v0,1,avg_return,46080000.0,29.39536476135254
319,FlashSAC_rsl_rl,Isaac-Velocity-Rough-H1-v0,1,avg_return,51198976.0,29.875946044921875
320,FlashSAC_rsl_rl,Isaac-Velocity-Rough-H1-v0,2,avg_return,5120000.0,8.315731048583984
321,FlashSAC_rsl_rl,Isaac-Velocity-Rough-H1-v0,2,avg_return,10240000.0,12.92940616607666
322,FlashSAC_rsl_rl,Isaac-Velocity-Rough-H1-v0,2,avg_return,15360000.0,18.719913482666016
323,FlashSAC_rsl_rl,Isaac-Velocity-Rough-H1-v0,2,avg_return,20480000.0,24.307527542114258
324,FlashSAC_rsl_rl,Isaac-Velocity-Rough-H1-v0,2,avg_return,25600000.0,27.849489212036133
325,FlashSAC_rsl_rl,Isaac-Velocity-Rough-H1-v0,2,avg_return,30720000.0,28.122886657714844
326,FlashSAC_rsl_rl,Isaac-Velocity-Rough-H1-v0,2,avg_return,35840000.0,28.966562271118164
327,FlashSAC_rsl_rl,Isaac-Velocity-Rough-H1-v0,2,avg_return,40960000.0,29.149003982543945
328,FlashSAC_rsl_rl,Isaac-Velocity-Rough-H1-v0,2,avg_return,46080000.0,29.887357711791992
329,FlashSAC_rsl_rl,Isaac-Velocity-Rough-H1-v0,2,avg_return,51198976.0,30.3116455078125
330,FlashSAC_rsl_rl,Isaac-Velocity-Rough-H1-v0,3,avg_return,5120000.0,7.604263782501221
331,FlashSAC_rsl_rl,Isaac-Velocity-Rough-H1-v0,3,avg_return,10240000.0,11.569976806640625
332,FlashSAC_rsl_rl,Isaac-Velocity-Rough-H1-v0,3,avg_return,15360000.0,21.006628036499023
333,FlashSAC_rsl_rl,Isaac-Velocity-Rough-H1-v0,3,avg_return,20480000.0,25.130468368530273
334,FlashSAC_rsl_rl,Isaac-Velocity-Rough-H1-v0,3,avg_return,25600000.0,27.617897033691406
335,FlashSAC_rsl_rl,Isaac-Velocity-Rough-H1-v0,3,avg_return,30720000.0,28.851604461669922
336,FlashSAC_rsl_rl,Isaac-Velocity-Rough-H1-v0,3,avg_return,35840000.0,29.030595779418945
337,FlashSAC_rsl_rl,Isaac-Velocity-Rough-H1-v0,3,avg_return,40960000.0,29.162433624267578
338,FlashSAC_rsl_rl,Isaac-Velocity-Rough-H1-v0,3,avg_return,46080000.0,29.532390594482422
339,FlashSAC_rsl_rl,Isaac-Velocity-Rough-H1-v0,3,avg_return,51198976.0,29.258697509765625
340,FlashSAC_rsl_rl,Isaac-Velocity-Rough-H1-v0,4,avg_return,5120000.0,7.1685614585876465
341,FlashSAC_rsl_rl,Isaac-Velocity-Rough-H1-v0,4,avg_return,10240000.0,11.493666648864746
342,FlashSAC_rsl_rl,Isaac-Velocity-Rough-H1-v0,4,avg_return,15360000.0,20.30364990234375
343,FlashSAC_rsl_rl,Isaac-Velocity-Rough-H1-v0,4,avg_return,20480000.0,23.956411361694336
344,FlashSAC_rsl_rl,Isaac-Velocity-Rough-H1-v0,4,avg_return,25600000.0,26.21361541748047
345,FlashSAC_rsl_rl,Isaac-Velocity-Rough-H1-v0,4,avg_return,30720000.0,27.916284561157227
346,FlashSAC_rsl_rl,Isaac-Velocity-Rough-H1-v0,4,avg_return,35840000.0,28.408124923706055
347,FlashSAC_rsl_rl,Isaac-Velocity-Rough-H1-v0,4,avg_return,40960000.0,28.623924255371094
348,FlashSAC_rsl_rl,Isaac-Velocity-Rough-H1-v0,4,avg_return,46080000.0,27.990629196166992
349,FlashSAC_rsl_rl,Isaac-Velocity-Rough-H1-v0,4,avg_return,51198976.0,29.197072982788086
350,FlashSAC_rsl_rl,Isaac-Velocity-Flat-H1-v0,0,avg_return,5120000.0,16.44590187072754
351,FlashSAC_rsl_rl,Isaac-Velocity-Flat-H1-v0,0,avg_return,10240000.0,27.83198356628418
352,FlashSAC_rsl_rl,Isaac-Velocity-Flat-H1-v0,0,avg_return,15360000.0,34.465370178222656
353,FlashSAC_rsl_rl,Isaac-Velocity-Flat-H1-v0,0,avg_return,20480000.0,34.98184585571289
354,FlashSAC_rsl_rl,Isaac-Velocity-Flat-H1-v0,0,avg_return,25600000.0,36.84857940673828
355,FlashSAC_rsl_rl,Isaac-Velocity-Flat-H1-v0,0,avg_return,30720000.0,37.57869338989258
356,FlashSAC_rsl_rl,Isaac-Velocity-Flat-H1-v0,0,avg_return,35840000.0,38.784934997558594
357,FlashSAC_rsl_rl,Isaac-Velocity-Flat-H1-v0,0,avg_return,40960000.0,39.25697708129883
358,FlashSAC_rsl_rl,Isaac-Velocity-Flat-H1-v0,0,avg_return,46080000.0,39.548133850097656
359,FlashSAC_rsl_rl,Isaac-Velocity-Flat-H1-v0,0,avg_return,51198976.0,39.38840103149414
360,FlashSAC_rsl_rl,Isaac-Velocity-Flat-H1-v0,1,avg_return,5120000.0,9.779397010803223
361,FlashSAC_rsl_rl,Isaac-Velocity-Flat-H1-v0,1,avg_return,10240000.0,24.8798828125
362,FlashSAC_rsl_rl,Isaac-Velocity-Flat-H1-v0,1,avg_return,15360000.0,31.95758628845215
363,FlashSAC_rsl_rl,Isaac-Velocity-Flat-H1-v0,1,avg_return,20480000.0,34.68941116333008
364,FlashSAC_rsl_rl,Isaac-Velocity-Flat-H1-v0,1,avg_return,25600000.0,36.49003982543945
365,FlashSAC_rsl_rl,Isaac-Velocity-Flat-H1-v0,1,avg_return,30720000.0,37.9227294921875
366,FlashSAC_rsl_rl,Isaac-Velocity-Flat-H1-v0,1,avg_return,35840000.0,38.406944274902344
367,FlashSAC_rsl_rl,Isaac-Velocity-Flat-H1-v0,1,avg_return,40960000.0,38.35271072387695
368,FlashSAC_rsl_rl,Isaac-Velocity-Flat-H1-v0,1,avg_return,46080000.0,39.24824905395508
369,FlashSAC_rsl_rl,Isaac-Velocity-Flat-H1-v0,1,avg_return,51198976.0,39.493560791015625
370,FlashSAC_rsl_rl,Isaac-Velocity-Flat-H1-v0,2,avg_return,5120000.0,14.61564826965332
371,FlashSAC_rsl_rl,Isaac-Velocity-Flat-H1-v0,2,avg_return,10240000.0,26.965835571289062
372,FlashSAC_rsl_rl,Isaac-Velocity-Flat-H1-v0,2,avg_return,15360000.0,32.33723449707031
373,FlashSAC_rsl_rl,Isaac-Velocity-Flat-H1-v0,2,avg_return,20480000.0,34.52461624145508
374,FlashSAC_rsl_rl,Isaac-Velocity-Flat-H1-v0,2,avg_return,25600000.0,36.23952865600586
375,FlashSAC_rsl_rl,Isaac-Velocity-Flat-H1-v0,2,avg_return,30720000.0,36.906829833984375
376,FlashSAC_rsl_rl,Isaac-Velocity-Flat-H1-v0,2,avg_return,35840000.0,37.44401168823242
377,FlashSAC_rsl_rl,Isaac-Velocity-Flat-H1-v0,2,avg_return,40960000.0,38.472835540771484
378,FlashSAC_rsl_rl,Isaac-Velocity-Flat-H1-v0,2,avg_return,46080000.0,39.2655143737793
379,FlashSAC_rsl_rl,Isaac-Velocity-Flat-H1-v0,2,avg_return,51198976.0,39.03791427612305
380,FlashSAC_rsl_rl,Isaac-Velocity-Flat-H1-v0,3,avg_return,5120000.0,14.377238273620605
381,FlashSAC_rsl_rl,Isaac-Velocity-Flat-H1-v0,3,avg_return,10240000.0,28.464677810668945
382,FlashSAC_rsl_rl,Isaac-Velocity-Flat-H1-v0,3,avg_return,15360000.0,29.680675506591797
383,FlashSAC_rsl_rl,Isaac-Velocity-Flat-H1-v0,3,avg_return,20480000.0,34.915061950683594
384,FlashSAC_rsl_rl,Isaac-Velocity-Flat-H1-v0,3,avg_return,25600000.0,36.99371337890625
385,FlashSAC_rsl_rl,Isaac-Velocity-Flat-H1-v0,3,avg_return,30720000.0,37.57635498046875
386,FlashSAC_rsl_rl,Isaac-Velocity-Flat-H1-v0,3,avg_return,35840000.0,38.351348876953125
387,FlashSAC_rsl_rl,Isaac-Velocity-Flat-H1-v0,3,avg_return,40960000.0,38.35449981689453
388,FlashSAC_rsl_rl,Isaac-Velocity-Flat-H1-v0,3,avg_return,46080000.0,38.20878601074219
389,FlashSAC_rsl_rl,Isaac-Velocity-Flat-H1-v0,3,avg_return,51198976.0,38.44133758544922
390,FlashSAC_rsl_rl,Isaac-Velocity-Flat-H1-v0,4,avg_return,5120000.0,16.379968643188477
391,FlashSAC_rsl_rl,Isaac-Velocity-Flat-H1-v0,4,avg_return,10240000.0,25.0887508392334
392,FlashSAC_rsl_rl,Isaac-Velocity-Flat-H1-v0,4,avg_return,15360000.0,32.00876235961914
393,FlashSAC_rsl_rl,Isaac-Velocity-Flat-H1-v0,4,avg_return,20480000.0,34.02354049682617
394,FlashSAC_rsl_rl,Isaac-Velocity-Flat-H1-v0,4,avg_return,25600000.0,35.103755950927734
395,FlashSAC_rsl_rl,Isaac-Velocity-Flat-H1-v0,4,avg_return,30720000.0,36.10631561279297
396,FlashSAC_rsl_rl,Isaac-Velocity-Flat-H1-v0,4,avg_return,35840000.0,37.04695129394531
397,FlashSAC_rsl_rl,Isaac-Velocity-Flat-H1-v0,4,avg_return,40960000.0,38.06972885131836
398,FlashSAC_rsl_rl,Isaac-Velocity-Flat-H1-v0,4,avg_return,46080000.0,38.63309097290039
399,FlashSAC_rsl_rl,Isaac-Velocity-Flat-H1-v0,4,avg_return,51198976.0,38.564300537109375
400,FlashSAC_rsl_rl,Isaac-Repose-Cube-Shadow-Direct-v0,0,avg_return,5120000.0,197.33509826660156
401,FlashSAC_rsl_rl,Isaac-Repose-Cube-Shadow-Direct-v0,0,avg_return,10240000.0,275.047607421875
402,FlashSAC_rsl_rl,Isaac-Repose-Cube-Shadow-Direct-v0,0,avg_return,15360000.0,483.48480224609375
403,FlashSAC_rsl_rl,Isaac-Repose-Cube-Shadow-Direct-v0,0,avg_return,20480000.0,2648.583251953125
404,FlashSAC_rsl_rl,Isaac-Repose-Cube-Shadow-Direct-v0,0,avg_return,25600000.0,5533.28173828125
405,FlashSAC_rsl_rl,Isaac-Repose-Cube-Shadow-Direct-v0,0,avg_return,30720000.0,7334.64697265625
406,FlashSAC_rsl_rl,Isaac-Repose-Cube-Shadow-Direct-v0,0,avg_return,35840000.0,8371.830078125
407,FlashSAC_rsl_rl,Isaac-Repose-Cube-Shadow-Direct-v0,0,avg_return,40960000.0,9152.0986328125
408,FlashSAC_rsl_rl,Isaac-Repose-Cube-Shadow-Direct-v0,0,avg_return,46080000.0,9805.73828125
409,FlashSAC_rsl_rl,Isaac-Repose-Cube-Shadow-Direct-v0,0,avg_return,51198976.0,10293.7109375
410,FlashSAC_rsl_rl,Isaac-Repose-Cube-Shadow-Direct-v0,1,avg_return,5120000.0,172.17945861816406
411,FlashSAC_rsl_rl,Isaac-Repose-Cube-Shadow-Direct-v0,1,avg_return,10240000.0,261.0121154785156
412,FlashSAC_rsl_rl,Isaac-Repose-Cube-Shadow-Direct-v0,1,avg_return,15360000.0,379.381103515625
413,FlashSAC_rsl_rl,Isaac-Repose-Cube-Shadow-Direct-v0,1,avg_return,20480000.0,2823.111083984375
414,FlashSAC_rsl_rl,Isaac-Repose-Cube-Shadow-Direct-v0,1,avg_return,25600000.0,5594.81640625
415,FlashSAC_rsl_rl,Isaac-Repose-Cube-Shadow-Direct-v0,1,avg_return,30720000.0,6787.0244140625
416,FlashSAC_rsl_rl,Isaac-Repose-Cube-Shadow-Direct-v0,1,avg_return,35840000.0,7945.47607421875
417,FlashSAC_rsl_rl,Isaac-Repose-Cube-Shadow-Direct-v0,1,avg_return,40960000.0,8851.390625
418,FlashSAC_rsl_rl,Isaac-Repose-Cube-Shadow-Direct-v0,1,avg_return,46080000.0,9041.0380859375
419,FlashSAC_rsl_rl,Isaac-Repose-Cube-Shadow-Direct-v0,1,avg_return,51198976.0,9982.177734375
420,FlashSAC_rsl_rl,Isaac-Repose-Cube-Shadow-Direct-v0,2,avg_return,5120000.0,198.3310546875
421,FlashSAC_rsl_rl,Isaac-Repose-Cube-Shadow-Direct-v0,2,avg_return,10240000.0,268.2702331542969
422,FlashSAC_rsl_rl,Isaac-Repose-Cube-Shadow-Direct-v0,2,avg_return,15360000.0,473.4978332519531
423,FlashSAC_rsl_rl,Isaac-Repose-Cube-Shadow-Direct-v0,2,avg_return,20480000.0,2775.75244140625
424,FlashSAC_rsl_rl,Isaac-Repose-Cube-Shadow-Direct-v0,2,avg_return,25600000.0,5361.74658203125
425,FlashSAC_rsl_rl,Isaac-Repose-Cube-Shadow-Direct-v0,2,avg_return,30720000.0,6759.9873046875
426,FlashSAC_rsl_rl,Isaac-Repose-Cube-Shadow-Direct-v0,2,avg_return,35840000.0,7867.91162109375
427,FlashSAC_rsl_rl,Isaac-Repose-Cube-Shadow-Direct-v0,2,avg_return,40960000.0,8518.41015625
428,FlashSAC_rsl_rl,Isaac-Repose-Cube-Shadow-Direct-v0,2,avg_return,46080000.0,9368.2734375
429,FlashSAC_rsl_rl,Isaac-Repose-Cube-Shadow-Direct-v0,2,avg_return,51198976.0,9980.59765625
430,FlashSAC_rsl_rl,Isaac-Repose-Cube-Shadow-Direct-v0,3,avg_return,5120000.0,211.06784057617188
431,FlashSAC_rsl_rl,Isaac-Repose-Cube-Shadow-Direct-v0,3,avg_return,10240000.0,256.74041748046875
432,FlashSAC_rsl_rl,Isaac-Repose-Cube-Shadow-Direct-v0,3,avg_return,15360000.0,509.6335144042969
433,FlashSAC_rsl_rl,Isaac-Repose-Cube-Shadow-Direct-v0,3,avg_return,20480000.0,2659.8818359375
434,FlashSAC_rsl_rl,Isaac-Repose-Cube-Shadow-Direct-v0,3,avg_return,25600000.0,5413.7919921875
435,FlashSAC_rsl_rl,Isaac-Repose-Cube-Shadow-Direct-v0,3,avg_return,30720000.0,6432.49169921875
436,FlashSAC_rsl_rl,Isaac-Repose-Cube-Shadow-Direct-v0,3,avg_return,35840000.0,8002.96337890625
437,FlashSAC_rsl_rl,Isaac-Repose-Cube-Shadow-Direct-v0,3,avg_return,40960000.0,8780.341796875
438,FlashSAC_rsl_rl,Isaac-Repose-Cube-Shadow-Direct-v0,3,avg_return,46080000.0,9121.046875
439,FlashSAC_rsl_rl,Isaac-Repose-Cube-Shadow-Direct-v0,3,avg_return,51198976.0,9665.509765625
440,FlashSAC_rsl_rl,Isaac-Repose-Cube-Shadow-Direct-v0,4,avg_return,5120000.0,201.29605102539062
441,FlashSAC_rsl_rl,Isaac-Repose-Cube-Shadow-Direct-v0,4,avg_return,10240000.0,267.4122314453125
442,FlashSAC_rsl_rl,Isaac-Repose-Cube-Shadow-Direct-v0,4,avg_return,15360000.0,577.7197265625
443,FlashSAC_rsl_rl,Isaac-Repose-Cube-Shadow-Direct-v0,4,avg_return,20480000.0,3050.112060546875
444,FlashSAC_rsl_rl,Isaac-Repose-Cube-Shadow-Direct-v0,4,avg_return,25600000.0,4734.36865234375
445,FlashSAC_rsl_rl,Isaac-Repose-Cube-Shadow-Direct-v0,4,avg_return,30720000.0,7168.3359375
446,FlashSAC_rsl_rl,Isaac-Repose-Cube-Shadow-Direct-v0,4,avg_return,35840000.0,7929.33837890625
447,FlashSAC_rsl_rl,Isaac-Repose-Cube-Shadow-Direct-v0,4,avg_return,40960000.0,9004.1650390625
448,FlashSAC_rsl_rl,Isaac-Repose-Cube-Shadow-Direct-v0,4,avg_return,46080000.0,9278.9423828125
449,FlashSAC_rsl_rl,Isaac-Repose-Cube-Shadow-Direct-v0,4,avg_return,51198976.0,9873.78515625
450,FlashSAC_rsl_rl,Isaac-Repose-Cube-Allegro-Direct-v0,0,avg_return,5120000.0,36.58784866333008
451,FlashSAC_rsl_rl,Isaac-Repose-Cube-Allegro-Direct-v0,0,avg_return,10240000.0,70.17169952392578
452,FlashSAC_rsl_rl,Isaac-Repose-Cube-Allegro-Direct-v0,0,avg_return,15360000.0,224.3766326904297
453,FlashSAC_rsl_rl,Isaac-Repose-Cube-Allegro-Direct-v0,0,avg_return,20480000.0,1740.888916015625
454,FlashSAC_rsl_rl,Isaac-Repose-Cube-Allegro-Direct-v0,0,avg_return,25600000.0,2733.841796875
455,FlashSAC_rsl_rl,Isaac-Repose-Cube-Allegro-Direct-v0,0,avg_return,30720000.0,3446.564453125
456,FlashSAC_rsl_rl,Isaac-Repose-Cube-Allegro-Direct-v0,0,avg_return,35840000.0,4170.26708984375
457,FlashSAC_rsl_rl,Isaac-Repose-Cube-Allegro-Direct-v0,0,avg_return,40960000.0,4523.7265625
458,FlashSAC_rsl_rl,Isaac-Repose-Cube-Allegro-Direct-v0,0,avg_return,46080000.0,4997.125
459,FlashSAC_rsl_rl,Isaac-Repose-Cube-Allegro-Direct-v0,0,avg_return,51198976.0,5264.7880859375
460,FlashSAC_rsl_rl,Isaac-Repose-Cube-Allegro-Direct-v0,1,avg_return,5120000.0,37.300899505615234
461,FlashSAC_rsl_rl,Isaac-Repose-Cube-Allegro-Direct-v0,1,avg_return,10240000.0,65.72958374023438
462,FlashSAC_rsl_rl,Isaac-Repose-Cube-Allegro-Direct-v0,1,avg_return,15360000.0,257.8679504394531
463,FlashSAC_rsl_rl,Isaac-Repose-Cube-Allegro-Direct-v0,1,avg_return,20480000.0,1522.2391357421875
464,FlashSAC_rsl_rl,Isaac-Repose-Cube-Allegro-Direct-v0,1,avg_return,25600000.0,2877.011962890625
465,FlashSAC_rsl_rl,Isaac-Repose-Cube-Allegro-Direct-v0,1,avg_return,30720000.0,3678.9970703125
466,FlashSAC_rsl_rl,Isaac-Repose-Cube-Allegro-Direct-v0,1,avg_return,35840000.0,4391.4716796875
467,FlashSAC_rsl_rl,Isaac-Repose-Cube-Allegro-Direct-v0,1,avg_return,40960000.0,4908.037109375
468,FlashSAC_rsl_rl,Isaac-Repose-Cube-Allegro-Direct-v0,1,avg_return,46080000.0,5241.5263671875
469,FlashSAC_rsl_rl,Isaac-Repose-Cube-Allegro-Direct-v0,1,avg_return,51198976.0,5460.83154296875
470,FlashSAC_rsl_rl,Isaac-Repose-Cube-Allegro-Direct-v0,2,avg_return,5120000.0,27.71421241760254
471,FlashSAC_rsl_rl,Isaac-Repose-Cube-Allegro-Direct-v0,2,avg_return,10240000.0,64.25896453857422
472,FlashSAC_rsl_rl,Isaac-Repose-Cube-Allegro-Direct-v0,2,avg_return,15360000.0,127.89671325683594
473,FlashSAC_rsl_rl,Isaac-Repose-Cube-Allegro-Direct-v0,2,avg_return,20480000.0,1147.4613037109375
474,FlashSAC_rsl_rl,Isaac-Repose-Cube-Allegro-Direct-v0,2,avg_return,25600000.0,2375.763427734375
475,FlashSAC_rsl_rl,Isaac-Repose-Cube-Allegro-Direct-v0,2,avg_return,30720000.0,3182.029541015625
476,FlashSAC_rsl_rl,Isaac-Repose-Cube-Allegro-Direct-v0,2,avg_return,35840000.0,3794.593505859375
477,FlashSAC_rsl_rl,Isaac-Repose-Cube-Allegro-Direct-v0,2,avg_return,40960000.0,4268.578125
478,FlashSAC_rsl_rl,Isaac-Repose-Cube-Allegro-Direct-v0,2,avg_return,46080000.0,4720.93798828125
479,FlashSAC_rsl_rl,Isaac-Repose-Cube-Allegro-Direct-v0,2,avg_return,51198976.0,4983.84423828125
480,FlashSAC_rsl_rl,Isaac-Repose-Cube-Allegro-Direct-v0,3,avg_return,5120000.0,38.4295768737793
481,FlashSAC_rsl_rl,Isaac-Repose-Cube-Allegro-Direct-v0,3,avg_return,10240000.0,61.2281494140625
482,FlashSAC_rsl_rl,Isaac-Repose-Cube-Allegro-Direct-v0,3,avg_return,15360000.0,191.9977264404297
483,FlashSAC_rsl_rl,Isaac-Repose-Cube-Allegro-Direct-v0,3,avg_return,20480000.0,1692.0135498046875
484,FlashSAC_rsl_rl,Isaac-Repose-Cube-Allegro-Direct-v0,3,avg_return,25600000.0,2903.358642578125
485,FlashSAC_rsl_rl,Isaac-Repose-Cube-Allegro-Direct-v0,3,avg_return,30720000.0,3751.416259765625
486,FlashSAC_rsl_rl,Isaac-Repose-Cube-Allegro-Direct-v0,3,avg_return,35840000.0,4248.18212890625
487,FlashSAC_rsl_rl,Isaac-Repose-Cube-Allegro-Direct-v0,3,avg_return,40960000.0,4774.48095703125
488,FlashSAC_rsl_rl,Isaac-Repose-Cube-Allegro-Direct-v0,3,avg_return,46080000.0,5243.11669921875
489,FlashSAC_rsl_rl,Isaac-Repose-Cube-Allegro-Direct-v0,3,avg_return,51198976.0,5559.5556640625
490,FlashSAC_rsl_rl,Isaac-Repose-Cube-Allegro-Direct-v0,4,avg_return,5120000.0,5.397451400756836
491,FlashSAC_rsl_rl,Isaac-Repose-Cube-Allegro-Direct-v0,4,avg_return,10240000.0,48.12605285644531
492,FlashSAC_rsl_rl,Isaac-Repose-Cube-Allegro-Direct-v0,4,avg_return,15360000.0,237.9537353515625
493,FlashSAC_rsl_rl,Isaac-Repose-Cube-Allegro-Direct-v0,4,avg_return,20480000.0,1525.378662109375
494,FlashSAC_rsl_rl,Isaac-Repose-Cube-Allegro-Direct-v0,4,avg_return,25600000.0,2856.87451171875
495,FlashSAC_rsl_rl,Isaac-Repose-Cube-Allegro-Direct-v0,4,avg_return,30720000.0,3653.9423828125
496,FlashSAC_rsl_rl,Isaac-Repose-Cube-Allegro-Direct-v0,4,avg_return,35840000.0,4163.68603515625
497,FlashSAC_rsl_rl,Isaac-Repose-Cube-Allegro-Direct-v0,4,avg_return,40960000.0,4576.43896484375
498,FlashSAC_rsl_rl,Isaac-Repose-Cube-Allegro-Direct-v0,4,avg_return,46080000.0,5063.2275390625
499,FlashSAC_rsl_rl,Isaac-Repose-Cube-Allegro-Direct-v0,4,avg_return,51198976.0,5275.8193359375
500,FlashSAC_rsl_rl,Isaac-Lift-Cube-Franka-v0,0,avg_return,5120000.0,1.8501874208450317
501,FlashSAC_rsl_rl,Isaac-Lift-Cube-Franka-v0,0,avg_return,10240000.0,79.7637710571289
502,FlashSAC_rsl_rl,Isaac-Lift-Cube-Franka-v0,0,avg_return,15360000.0,150.0037078857422
503,FlashSAC_rsl_rl,Isaac-Lift-Cube-Franka-v0,0,avg_return,20480000.0,153.48992919921875
504,FlashSAC_rsl_rl,Isaac-Lift-Cube-Franka-v0,0,avg_return,25600000.0,153.29847717285156
505,FlashSAC_rsl_rl,Isaac-Lift-Cube-Franka-v0,0,avg_return,30720000.0,158.0821533203125
506,FlashSAC_rsl_rl,Isaac-Lift-Cube-Franka-v0,0,avg_return,35840000.0,159.8690643310547
507,FlashSAC_rsl_rl,Isaac-Lift-Cube-Franka-v0,0,avg_return,40960000.0,159.46511840820312
508,FlashSAC_rsl_rl,Isaac-Lift-Cube-Franka-v0,0,avg_return,46080000.0,159.28207397460938
509,FlashSAC_rsl_rl,Isaac-Lift-Cube-Franka-v0,0,avg_return,51198976.0,159.873291015625
510,FlashSAC_rsl_rl,Isaac-Lift-Cube-Franka-v0,1,avg_return,5120000.0,1.2223925590515137
511,FlashSAC_rsl_rl,Isaac-Lift-Cube-Franka-v0,1,avg_return,10240000.0,53.904327392578125
512,FlashSAC_rsl_rl,Isaac-Lift-Cube-Franka-v0,1,avg_return,15360000.0,146.4452667236328
513,FlashSAC_rsl_rl,Isaac-Lift-Cube-Franka-v0,1,avg_return,20480000.0,146.58421325683594
514,FlashSAC_rsl_rl,Isaac-Lift-Cube-Franka-v0,1,avg_return,25600000.0,157.50067138671875
515,FlashSAC_rsl_rl,Isaac-Lift-Cube-Franka-v0,1,avg_return,30720000.0,158.73095703125
516,FlashSAC_rsl_rl,Isaac-Lift-Cube-Franka-v0,1,avg_return,35840000.0,158.90025329589844
517,FlashSAC_rsl_rl,Isaac-Lift-Cube-Franka-v0,1,avg_return,40960000.0,158.0108184814453
518,FlashSAC_rsl_rl,Isaac-Lift-Cube-Franka-v0,1,avg_return,46080000.0,159.77706909179688
519,FlashSAC_rsl_rl,Isaac-Lift-Cube-Franka-v0,1,avg_return,51198976.0,159.0820770263672
520,FlashSAC_rsl_rl,Isaac-Lift-Cube-Franka-v0,2,avg_return,5120000.0,2.6139001846313477
521,FlashSAC_rsl_rl,Isaac-Lift-Cube-Franka-v0,2,avg_return,10240000.0,120.84339904785156
522,FlashSAC_rsl_rl,Isaac-Lift-Cube-Franka-v0,2,avg_return,15360000.0,150.81358337402344
523,FlashSAC_rsl_rl,Isaac-Lift-Cube-Franka-v0,2,avg_return,20480000.0,156.021484375
524,FlashSAC_rsl_rl,Isaac-Lift-Cube-Franka-v0,2,avg_return,25600000.0,157.30599975585938
525,FlashSAC_rsl_rl,Isaac-Lift-Cube-Franka-v0,2,avg_return,30720000.0,158.8064422607422
526,FlashSAC_rsl_rl,Isaac-Lift-Cube-Franka-v0,2,avg_return,35840000.0,158.89154052734375
527,FlashSAC_rsl_rl,Isaac-Lift-Cube-Franka-v0,2,avg_return,40960000.0,160.03834533691406
528,FlashSAC_rsl_rl,Isaac-Lift-Cube-Franka-v0,2,avg_return,46080000.0,159.896240234375
529,FlashSAC_rsl_rl,Isaac-Lift-Cube-Franka-v0,2,avg_return,51198976.0,160.39794921875
530,FlashSAC_rsl_rl,Isaac-Lift-Cube-Franka-v0,3,avg_return,5120000.0,2.856316089630127
531,FlashSAC_rsl_rl,Isaac-Lift-Cube-Franka-v0,3,avg_return,10240000.0,82.36341857910156
532,FlashSAC_rsl_rl,Isaac-Lift-Cube-Franka-v0,3,avg_return,15360000.0,143.92095947265625
533,FlashSAC_rsl_rl,Isaac-Lift-Cube-Franka-v0,3,avg_return,20480000.0,151.01303100585938
534,FlashSAC_rsl_rl,Isaac-Lift-Cube-Franka-v0,3,avg_return,25600000.0,144.67698669433594
535,FlashSAC_rsl_rl,Isaac-Lift-Cube-Franka-v0,3,avg_return,30720000.0,157.75927734375
536,FlashSAC_rsl_rl,Isaac-Lift-Cube-Franka-v0,3,avg_return,35840000.0,157.5927734375
537,FlashSAC_rsl_rl,Isaac-Lift-Cube-Franka-v0,3,avg_return,40960000.0,159.1197967529297
538,FlashSAC_rsl_rl,Isaac-Lift-Cube-Franka-v0,3,avg_return,46080000.0,160.48281860351562
539,FlashSAC_rsl_rl,Isaac-Lift-Cube-Franka-v0,3,avg_return,51198976.0,160.97215270996094
540,FlashSAC_rsl_rl,Isaac-Lift-Cube-Franka-v0,4,avg_return,5120000.0,1.6756417751312256
541,FlashSAC_rsl_rl,Isaac-Lift-Cube-Franka-v0,4,avg_return,10240000.0,47.63644790649414
542,FlashSAC_rsl_rl,Isaac-Lift-Cube-Franka-v0,4,avg_return,15360000.0,122.12549591064453
543,FlashSAC_rsl_rl,Isaac-Lift-Cube-Franka-v0,4,avg_return,20480000.0,152.04550170898438
544,FlashSAC_rsl_rl,Isaac-Lift-Cube-Franka-v0,4,avg_return,25600000.0,156.0557098388672
545,FlashSAC_rsl_rl,Isaac-Lift-Cube-Franka-v0,4,avg_return,30720000.0,159.23574829101562
546,FlashSAC_rsl_rl,Isaac-Lift-Cube-Franka-v0,4,avg_return,35840000.0,156.04083251953125
547,FlashSAC_rsl_rl,Isaac-Lift-Cube-Franka-v0,4,avg_return,40960000.0,159.72512817382812
548,FlashSAC_rsl_rl,Isaac-Lift-Cube-Franka-v0,4,avg_return,46080000.0,159.72291564941406
549,FlashSAC_rsl_rl,Isaac-Lift-Cube-Franka-v0,4,avg_return,51198976.0,158.93405151367188
550,FlashSAC_rsl_rl,Isaac-Open-Drawer-Franka-v0,0,avg_return,5120000.0,84.18111419677734
551,FlashSAC_rsl_rl,Isaac-Open-Drawer-Franka-v0,0,avg_return,10240000.0,96.46285247802734
552,FlashSAC_rsl_rl,Isaac-Open-Drawer-Franka-v0,0,avg_return,15360000.0,98.26763916015625
553,FlashSAC_rsl_rl,Isaac-Open-Drawer-Franka-v0,0,avg_return,20480000.0,99.29801940917969
554,FlashSAC_rsl_rl,Isaac-Open-Drawer-Franka-v0,0,avg_return,25600000.0,99.48648834228516
555,FlashSAC_rsl_rl,Isaac-Open-Drawer-Franka-v0,0,avg_return,30720000.0,99.80583190917969
556,FlashSAC_rsl_rl,Isaac-Open-Drawer-Franka-v0,0,avg_return,35840000.0,100.03990936279297
557,FlashSAC_rsl_rl,Isaac-Open-Drawer-Franka-v0,0,avg_return,40960000.0,100.18949127197266
558,FlashSAC_rsl_rl,Isaac-Open-Drawer-Franka-v0,0,avg_return,46080000.0,100.11036682128906
559,FlashSAC_rsl_rl,Isaac-Open-Drawer-Franka-v0,0,avg_return,51198976.0,100.19560241699219
560,FlashSAC_rsl_rl,Isaac-Open-Drawer-Franka-v0,1,avg_return,5120000.0,92.79705810546875
561,FlashSAC_rsl_rl,Isaac-Open-Drawer-Franka-v0,1,avg_return,10240000.0,95.61865997314453
562,FlashSAC_rsl_rl,Isaac-Open-Drawer-Franka-v0,1,avg_return,15360000.0,98.1825180053711
563,FlashSAC_rsl_rl,Isaac-Open-Drawer-Franka-v0,1,avg_return,20480000.0,98.99730682373047
564,FlashSAC_rsl_rl,Isaac-Open-Drawer-Franka-v0,1,avg_return,25600000.0,99.00967407226562
565,FlashSAC_rsl_rl,Isaac-Open-Drawer-Franka-v0,1,avg_return,30720000.0,99.59905242919922
566,FlashSAC_rsl_rl,Isaac-Open-Drawer-Franka-v0,1,avg_return,35840000.0,99.94730377197266
567,FlashSAC_rsl_rl,Isaac-Open-Drawer-Franka-v0,1,avg_return,40960000.0,99.9332046508789
568,FlashSAC_rsl_rl,Isaac-Open-Drawer-Franka-v0,1,avg_return,46080000.0,99.97260284423828
569,FlashSAC_rsl_rl,Isaac-Open-Drawer-Franka-v0,1,avg_return,51198976.0,100.09458923339844
570,FlashSAC_rsl_rl,Isaac-Open-Drawer-Franka-v0,2,avg_return,5120000.0,56.577308654785156
571,FlashSAC_rsl_rl,Isaac-Open-Drawer-Franka-v0,2,avg_return,10240000.0,88.25859069824219
572,FlashSAC_rsl_rl,Isaac-Open-Drawer-Franka-v0,2,avg_return,15360000.0,96.25878143310547
573,FlashSAC_rsl_rl,Isaac-Open-Drawer-Franka-v0,2,avg_return,20480000.0,97.58674621582031
574,FlashSAC_rsl_rl,Isaac-Open-Drawer-Franka-v0,2,avg_return,25600000.0,97.61012268066406
575,FlashSAC_rsl_rl,Isaac-Open-Drawer-Franka-v0,2,avg_return,30720000.0,98.54386138916016
576,FlashSAC_rsl_rl,Isaac-Open-Drawer-Franka-v0,2,avg_return,35840000.0,98.79145050048828
577,FlashSAC_rsl_rl,Isaac-Open-Drawer-Franka-v0,2,avg_return,40960000.0,98.72074127197266
578,FlashSAC_rsl_rl,Isaac-Open-Drawer-Franka-v0,2,avg_return,46080000.0,98.96096801757812
579,FlashSAC_rsl_rl,Isaac-Open-Drawer-Franka-v0,2,avg_return,51198976.0,99.0736083984375
580,FlashSAC_rsl_rl,Isaac-Open-Drawer-Franka-v0,3,avg_return,5120000.0,93.35548400878906
581,FlashSAC_rsl_rl,Isaac-Open-Drawer-Franka-v0,3,avg_return,10240000.0,94.89080810546875
582,FlashSAC_rsl_rl,Isaac-Open-Drawer-Franka-v0,3,avg_return,15360000.0,98.06608581542969
583,FlashSAC_rsl_rl,Isaac-Open-Drawer-Franka-v0,3,avg_return,20480000.0,99.24290466308594
584,FlashSAC_rsl_rl,Isaac-Open-Drawer-Franka-v0,3,avg_return,25600000.0,99.66780853271484
585,FlashSAC_rsl_rl,Isaac-Open-Drawer-Franka-v0,3,avg_return,30720000.0,99.963623046875
586,FlashSAC_rsl_rl,Isaac-Open-Drawer-Franka-v0,3,avg_return,35840000.0,99.37886810302734
587,FlashSAC_rsl_rl,Isaac-Open-Drawer-Franka-v0,3,avg_return,40960000.0,100.06082153320312
588,FlashSAC_rsl_rl,Isaac-Open-Drawer-Franka-v0,3,avg_return,46080000.0,100.208984375
589,FlashSAC_rsl_rl,Isaac-Open-Drawer-Franka-v0,3,avg_return,51198976.0,100.1968994140625
590,FlashSAC_rsl_rl,Isaac-Open-Drawer-Franka-v0,4,avg_return,5120000.0,80.86585998535156
591,FlashSAC_rsl_rl,Isaac-Open-Drawer-Franka-v0,4,avg_return,10240000.0,92.2831802368164
592,FlashSAC_rsl_rl,Isaac-Open-Drawer-Franka-v0,4,avg_return,15360000.0,95.86872100830078
593,FlashSAC_rsl_rl,Isaac-Open-Drawer-Franka-v0,4,avg_return,20480000.0,98.83993530273438
594,FlashSAC_rsl_rl,Isaac-Open-Drawer-Franka-v0,4,avg_return,25600000.0,98.9564437866211
595,FlashSAC_rsl_rl,Isaac-Open-Drawer-Franka-v0,4,avg_return,30720000.0,99.16958618164062
596,FlashSAC_rsl_rl,Isaac-Open-Drawer-Franka-v0,4,avg_return,35840000.0,100.02332305908203
597,FlashSAC_rsl_rl,Isaac-Open-Drawer-Franka-v0,4,avg_return,40960000.0,99.99732971191406
598,FlashSAC_rsl_rl,Isaac-Open-Drawer-Franka-v0,4,avg_return,46080000.0,100.06343841552734
599,FlashSAC_rsl_rl,Isaac-Open-Drawer-Franka-v0,4,avg_return,51198976.0,100.03516387939453
